id,width,height,url,photographer,photographer_url,photographer_id,avg_color,original,large2x,large,medium,small,portrait,landscape,tiny,liked,alt,photographer_longer_than_my_name,name_words,meerkats_or_meercats
11922554,3414,2556,https://www.pexels.com/photo/close-up-photograph-of-meerkats-11922554/,Mehmet Turgut  Kirkgoz,https://www.pexels.com/@tkirkgoz,2891577,#6C6C62,https://images.pexels.com/photos/11922554/pexels-photo-11922554.jpeg,https://images.pexels.com/photos/11922554/pexels-photo-11922554.jpeg?auto=compress&cs=tinysrgb&dpr=2&h=650&w=940,https://images.pexels.com/photos/11922554/pexels-photo-11922554.jpeg?auto=compress&cs=tinysrgb&h=650&w=940,https://images.pexels.com/photos/11922554/pexels-photo-11922554.jpeg?auto=compress&cs=tinysrgb&h=350,https://images.pexels.com/photos/11922554/pexels-photo-11922554.jpeg?auto=compress&cs=tinysrgb&h=130,https://images.pexels.com/photos/11922554/pexels-photo-11922554.jpeg?auto=compress&cs=tinysrgb&fit=crop&h=1200&w=800,https://images.pexels.com/photos/11922554/pexels-photo-11922554.jpeg?auto=compress&cs=tinysrgb&fit=crop&h=627&w=1200,https://images.pexels.com/photos/11922554/pexels-photo-11922554.jpeg?auto=compress&cs=tinysrgb&dpr=1&fit=crop&h=200&w=280,FALSE,Three meerkats standing alert on a log in a natural habitat with a cactus background.,nah YEA,4,MEERKATS
17526413,6321,4219,https://www.pexels.com/photo/meerkats-sitting-on-tree-trunk-17526413/,Tri Warno,https://www.pexels.com/@triew0814,95847767,#5E4541,https://images.pexels.com/photos/17526413/pexels-photo-17526413.jpeg,https://images.pexels.com/photos/17526413/pexels-photo-17526413.jpeg?auto=compress&cs=tinysrgb&dpr=2&h=650&w=940,https://images.pexels.com/photos/17526413/pexels-photo-17526413.jpeg?auto=compress&cs=tinysrgb&h=650&w=940,https://images.pexels.com/photos/17526413/pexels-photo-17526413.jpeg?auto=compress&cs=tinysrgb&h=350,https://images.pexels.com/photos/17526413/pexels-photo-17526413.jpeg?auto=compress&cs=tinysrgb&h=130,https://images.pexels.com/photos/17526413/pexels-photo-17526413.jpeg?auto=compress&cs=tinysrgb&fit=crop&h=1200&w=800,https://images.pexels.com/photos/17526413/pexels-photo-17526413.jpeg?auto=compress&cs=tinysrgb&fit=crop&h=627&w=1200,https://images.pexels.com/photos/17526413/pexels-photo-17526413.jpeg?auto=compress&cs=tinysrgb&dpr=1&fit=crop&h=200&w=280,FALSE,"Three meerkats perched on a tree trunk inside their enclosure, showcasing typical social behavior.",Yea NAH nah yea nah,2,MEERKATS
29284842,3712,5568,https://www.pexels.com/photo/meerkats-standing-under-heat-lamp-in-a-warm-setting-29284842/,Wayne Jackson,https://www.pexels.com/@waynejackson,88958250,#846E61,https://images.pexels.com/photos/29284842/pexels-photo-29284842.jpeg,https://images.pexels.com/photos/29284842/pexels-photo-29284842.jpeg?auto=compress&cs=tinysrgb&dpr=2&h=650&w=940,https://images.pexels.com/photos/29284842/pexels-photo-29284842.jpeg?auto=compress&cs=tinysrgb&h=650&w=940,https://images.pexels.com/photos/29284842/pexels-photo-29284842.jpeg?auto=compress&cs=tinysrgb&h=350,https://images.pexels.com/photos/29284842/pexels-photo-29284842.jpeg?auto=compress&cs=tinysrgb&h=130,https://images.pexels.com/photos/29284842/pexels-photo-29284842.jpeg?auto=compress&cs=tinysrgb&fit=crop&h=1200&w=800,https://images.pexels.com/photos/29284842/pexels-photo-29284842.jpeg?auto=compress&cs=tinysrgb&fit=crop&h=627&w=1200,https://images.pexels.com/photos/29284842/pexels-photo-29284842.jpeg?auto=compress&cs=tinysrgb&dpr=1&fit=crop&h=200&w=280,FALSE,"Meerkats gather under a heat lamp in a cozy indoor setting, displaying social behavior.",Yea NAH nah yea nah,2,MEERKATS
37094402,2306,3075,https://www.pexels.com/photo/family-of-meerkats-in-natural-habitat-37094402/,Tobias Eicher,https://www.pexels.com/@tobias-eicher-2160223093,2160223093,#DAC399,https://images.pexels.com/photos/37094402/pexels-photo-37094402.jpeg,https://images.pexels.com/photos/37094402/pexels-photo-37094402.jpeg?auto=compress&cs=tinysrgb&dpr=2&h=650&w=940,https://images.pexels.com/photos/37094402/pexels-photo-37094402.jpeg?auto=compress&cs=tinysrgb&h=650&w=940,https://images.pexels.com/photos/37094402/pexels-photo-37094402.jpeg?auto=compress&cs=tinysrgb&h=350,https://images.pexels.com/photos/37094402/pexels-photo-37094402.jpeg?auto=compress&cs=tinysrgb&h=130,https://images.pexels.com/photos/37094402/pexels-photo-37094402.jpeg?auto=compress&cs=tinysrgb&fit=crop&h=1200&w=800,https://images.pexels.com/photos/37094402/pexels-photo-37094402.jpeg?auto=compress&cs=tinysrgb&fit=crop&h=627&w=1200,https://images.pexels.com/photos/37094402/pexels-photo-37094402.jpeg?auto=compress&cs=tinysrgb&dpr=1&fit=crop&h=200&w=280,FALSE,"A group of meerkats on sandy ground, showcasing family dynamics.",Yea NAH nah yea nah,2,MEERKATS
7188933,6000,4000,https://www.pexels.com/photo/a-furry-meerkats-together-7188933/,Francesco Lick,https://www.pexels.com/@francesco-lick-5075593,5075593,#B68157,https://images.pexels.com/photos/7188933/pexels-photo-7188933.jpeg,https://images.pexels.com/photos/7188933/pexels-photo-7188933.jpeg?auto=compress&cs=tinysrgb&dpr=2&h=650&w=940,https://images.pexels.com/photos/7188933/pexels-photo-7188933.jpeg?auto=compress&cs=tinysrgb&h=650&w=940,https://images.pexels.com/photos/7188933/pexels-photo-7188933.jpeg?auto=compress&cs=tinysrgb&h=350,https://images.pexels.com/photos/7188933/pexels-photo-7188933.jpeg?auto=compress&cs=tinysrgb&h=130,https://images.pexels.com/photos/7188933/pexels-photo-7188933.jpeg?auto=compress&cs=tinysrgb&fit=crop&h=1200&w=800,https://images.pexels.com/photos/7188933/pexels-photo-7188933.jpeg?auto=compress&cs=tinysrgb&fit=crop&h=627&w=1200,https://images.pexels.com/photos/7188933/pexels-photo-7188933.jpeg?auto=compress&cs=tinysrgb&dpr=1&fit=crop&h=200&w=280,FALSE,"Close-up of three meerkats standing together, showcasing their social behavior.",nah YEA,2,MEERKATS
6272537,3051,4606,https://www.pexels.com/photo/close-up-of-meerkats-6272537/,Jiří Mikoláš,https://www.pexels.com/@jiri-mikolas,2971838,#867056,https://images.pexels.com/photos/6272537/pexels-photo-6272537.jpeg,https://images.pexels.com/photos/6272537/pexels-photo-6272537.jpeg?auto=compress&cs=tinysrgb&dpr=2&h=650&w=940,https://images.pexels.com/photos/6272537/pexels-photo-6272537.jpeg?auto=compress&cs=tinysrgb&h=650&w=940,https://images.pexels.com/photos/6272537/pexels-photo-6272537.jpeg?auto=compress&cs=tinysrgb&h=350,https://images.pexels.com/photos/6272537/pexels-photo-6272537.jpeg?auto=compress&cs=tinysrgb&h=130,https://images.pexels.com/photos/6272537/pexels-photo-6272537.jpeg?auto=compress&cs=tinysrgb&fit=crop&h=1200&w=800,https://images.pexels.com/photos/6272537/pexels-photo-6272537.jpeg?auto=compress&cs=tinysrgb&fit=crop&h=627&w=1200,https://images.pexels.com/photos/6272537/pexels-photo-6272537.jpeg?auto=compress&cs=tinysrgb&dpr=1&fit=crop&h=200&w=280,FALSE,"Two meerkats (Suricata suricatta) perched on a log, showcasing wildlife behavior.",Yea NAH nah yea nah,2,MEERKATS
33640434,3024,4032,https://www.pexels.com/photo/meerkats-on-rocks-in-sao-paulo-zoo-33640434/,Ana Beatriz Verboonen,https://www.pexels.com/@abav,626369627,#5C4B3B,https://images.pexels.com/photos/33640434/pexels-photo-33640434.png,https://images.pexels.com/photos/33640434/pexels-photo-33640434.png?auto=compress&cs=tinysrgb&dpr=2&h=650&w=940,https://images.pexels.com/photos/33640434/pexels-photo-33640434.png?auto=compress&cs=tinysrgb&h=650&w=940,https://images.pexels.com/photos/33640434/pexels-photo-33640434.png?auto=compress&cs=tinysrgb&h=350,https://images.pexels.com/photos/33640434/pexels-photo-33640434.png?auto=compress&cs=tinysrgb&h=130,https://images.pexels.com/photos/33640434/pexels-photo-33640434.png?auto=compress&cs=tinysrgb&fit=crop&h=1200&w=800,https://images.pexels.com/photos/33640434/pexels-photo-33640434.png?auto=compress&cs=tinysrgb&fit=crop&h=627&w=1200,https://images.pexels.com/photos/33640434/pexels-photo-33640434.png?auto=compress&cs=tinysrgb&dpr=1&fit=crop&h=200&w=280,FALSE,"Two meerkats perched on rocks in São Paulo Zoo, displaying natural curiosity and wilderness.",nah YEA,3,MEERKATS
11025911,3000,2000,https://www.pexels.com/photo/meerkats-in-the-desert-11025911/,Mandy Mc Donald,https://www.pexels.com/@mandy-mc-donald-172631108,172631108,#C08B5F,https://images.pexels.com/photos/11025911/pexels-photo-11025911.jpeg,https://images.pexels.com/photos/11025911/pexels-photo-11025911.jpeg?auto=compress&cs=tinysrgb&dpr=2&h=650&w=940,https://images.pexels.com/photos/11025911/pexels-photo-11025911.jpeg?auto=compress&cs=tinysrgb&h=650&w=940,https://images.pexels.com/photos/11025911/pexels-photo-11025911.jpeg?auto=compress&cs=tinysrgb&h=350,https://images.pexels.com/photos/11025911/pexels-photo-11025911.jpeg?auto=compress&cs=tinysrgb&h=130,https://images.pexels.com/photos/11025911/pexels-photo-11025911.jpeg?auto=compress&cs=tinysrgb&fit=crop&h=1200&w=800,https://images.pexels.com/photos/11025911/pexels-photo-11025911.jpeg?auto=compress&cs=tinysrgb&fit=crop&h=627&w=1200,https://images.pexels.com/photos/11025911/pexels-photo-11025911.jpeg?auto=compress&cs=tinysrgb&dpr=1&fit=crop&h=200&w=280,FALSE,"A group of meerkats standing upright on a sunny plain in South Africa, showcasing their natural habitat.",nah YEA,3,MEERKATS
9450969,6000,4000,https://www.pexels.com/photo/a-mob-of-meerkats-9450969/,Wayne Jackson,https://www.pexels.com/@waynejackson,88958250,#887662,https://images.pexels.com/photos/9450969/pexels-photo-9450969.jpeg,https://images.pexels.com/photos/9450969/pexels-photo-9450969.jpeg?auto=compress&cs=tinysrgb&dpr=2&h=650&w=940,https://images.pexels.com/photos/9450969/pexels-photo-9450969.jpeg?auto=compress&cs=tinysrgb&h=650&w=940,https://images.pexels.com/photos/9450969/pexels-photo-9450969.jpeg?auto=compress&cs=tinysrgb&h=350,https://images.pexels.com/photos/9450969/pexels-photo-9450969.jpeg?auto=compress&cs=tinysrgb&h=130,https://images.pexels.com/photos/9450969/pexels-photo-9450969.jpeg?auto=compress&cs=tinysrgb&fit=crop&h=1200&w=800,https://images.pexels.com/photos/9450969/pexels-photo-9450969.jpeg?auto=compress&cs=tinysrgb&fit=crop&h=627&w=1200,https://images.pexels.com/photos/9450969/pexels-photo-9450969.jpeg?auto=compress&cs=tinysrgb&dpr=1&fit=crop&h=200&w=280,FALSE,A group of meerkats (Suricata suricatta) exhibiting natural behavior in the wild.,Yea NAH nah yea nah,2,MEERKATS
36484391,2592,3872,https://www.pexels.com/photo/curious-meerkats-observing-their-surroundings-36484391/,Elien,https://www.pexels.com/@elien-686681350,686681350,#75766E,https://images.pexels.com/photos/36484391/pexels-photo-36484391.jpeg,https://images.pexels.com/photos/36484391/pexels-photo-36484391.jpeg?auto=compress&cs=tinysrgb&dpr=2&h=650&w=940,https://images.pexels.com/photos/36484391/pexels-photo-36484391.jpeg?auto=compress&cs=tinysrgb&h=650&w=940,https://images.pexels.com/photos/36484391/pexels-photo-36484391.jpeg?auto=compress&cs=tinysrgb&h=350,https://images.pexels.com/photos/36484391/pexels-photo-36484391.jpeg?auto=compress&cs=tinysrgb&h=130,https://images.pexels.com/photos/36484391/pexels-photo-36484391.jpeg?auto=compress&cs=tinysrgb&fit=crop&h=1200&w=800,https://images.pexels.com/photos/36484391/pexels-photo-36484391.jpeg?auto=compress&cs=tinysrgb&fit=crop&h=627&w=1200,https://images.pexels.com/photos/36484391/pexels-photo-36484391.jpeg?auto=compress&cs=tinysrgb&dpr=1&fit=crop&h=200&w=280,FALSE,"Two meerkats perched on a log in a zoo, attentively observing their environment.",Yea NAH nah yea nah,1,MEERKATS
18157872,4496,3000,https://www.pexels.com/photo/meerkats-on-a-desert-18157872/,Jana,https://www.pexels.com/@jana-259137194,259137194,#93877B,https://images.pexels.com/photos/18157872/pexels-photo-18157872.jpeg,https://images.pexels.com/photos/18157872/pexels-photo-18157872.jpeg?auto=compress&cs=tinysrgb&dpr=2&h=650&w=940,https://images.pexels.com/photos/18157872/pexels-photo-18157872.jpeg?auto=compress&cs=tinysrgb&h=650&w=940,https://images.pexels.com/photos/18157872/pexels-photo-18157872.jpeg?auto=compress&cs=tinysrgb&h=350,https://images.pexels.com/photos/18157872/pexels-photo-18157872.jpeg?auto=compress&cs=tinysrgb&h=130,https://images.pexels.com/photos/18157872/pexels-photo-18157872.jpeg?auto=compress&cs=tinysrgb&fit=crop&h=1200&w=800,https://images.pexels.com/photos/18157872/pexels-photo-18157872.jpeg?auto=compress&cs=tinysrgb&fit=crop&h=627&w=1200,https://images.pexels.com/photos/18157872/pexels-photo-18157872.jpeg?auto=compress&cs=tinysrgb&dpr=1&fit=crop&h=200&w=280,FALSE,"A group of meerkats huddled together on rocky terrain, displaying natural curiosity and social behavior.",Yea NAH nah yea nah,1,MEERKATS
28656506,3982,3982,https://www.pexels.com/photo/adorable-meerkats-standing-in-natural-habitat-28656506/,Joep Bijhold,https://www.pexels.com/@joep-bijhold-1879333766,1879333766,#7D765C,https://images.pexels.com/photos/28656506/pexels-photo-28656506.jpeg,https://images.pexels.com/photos/28656506/pexels-photo-28656506.jpeg?auto=compress&cs=tinysrgb&dpr=2&h=650&w=940,https://images.pexels.com/photos/28656506/pexels-photo-28656506.jpeg?auto=compress&cs=tinysrgb&h=650&w=940,https://images.pexels.com/photos/28656506/pexels-photo-28656506.jpeg?auto=compress&cs=tinysrgb&h=350,https://images.pexels.com/photos/28656506/pexels-photo-28656506.jpeg?auto=compress&cs=tinysrgb&h=130,https://images.pexels.com/photos/28656506/pexels-photo-28656506.jpeg?auto=compress&cs=tinysrgb&fit=crop&h=1200&w=800,https://images.pexels.com/photos/28656506/pexels-photo-28656506.jpeg?auto=compress&cs=tinysrgb&fit=crop&h=627&w=1200,https://images.pexels.com/photos/28656506/pexels-photo-28656506.jpeg?auto=compress&cs=tinysrgb&dpr=1&fit=crop&h=200&w=280,FALSE,"Two meerkats, Suricata suricatta, standing alert in their natural habitat, displaying curiosity.",Yea NAH nah yea nah,2,MEERKATS
6727776,6960,4640,https://www.pexels.com/photo/brown-meerkats-in-close-up-photography-6727776/,David Selbert,https://www.pexels.com/@davidohboy,18392814,#8D714C,https://images.pexels.com/photos/6727776/pexels-photo-6727776.jpeg,https://images.pexels.com/photos/6727776/pexels-photo-6727776.jpeg?auto=compress&cs=tinysrgb&dpr=2&h=650&w=940,https://images.pexels.com/photos/6727776/pexels-photo-6727776.jpeg?auto=compress&cs=tinysrgb&h=650&w=940,https://images.pexels.com/photos/6727776/pexels-photo-6727776.jpeg?auto=compress&cs=tinysrgb&h=350,https://images.pexels.com/photos/6727776/pexels-photo-6727776.jpeg?auto=compress&cs=tinysrgb&h=130,https://images.pexels.com/photos/6727776/pexels-photo-6727776.jpeg?auto=compress&cs=tinysrgb&fit=crop&h=1200&w=800,https://images.pexels.com/photos/6727776/pexels-photo-6727776.jpeg?auto=compress&cs=tinysrgb&fit=crop&h=627&w=1200,https://images.pexels.com/photos/6727776/pexels-photo-6727776.jpeg?auto=compress&cs=tinysrgb&dpr=1&fit=crop&h=200&w=280,FALSE,"Adorable meerkats cuddling in green grass, showcasing their natural habitat.",Yea NAH nah yea nah,2,MEERKATS
35155650,7008,4672,https://www.pexels.com/photo/two-meerkats-observing-in-a-natural-habitat-35155650/,Siyuan Zhao,https://www.pexels.com/@eeeat,2158071323,#7C7B4D,https://images.pexels.com/photos/35155650/pexels-photo-35155650.jpeg,https://images.pexels.com/photos/35155650/pexels-photo-35155650.jpeg?auto=compress&cs=tinysrgb&dpr=2&h=650&w=940,https://images.pexels.com/photos/35155650/pexels-photo-35155650.jpeg?auto=compress&cs=tinysrgb&h=650&w=940,https://images.pexels.com/photos/35155650/pexels-photo-35155650.jpeg?auto=compress&cs=tinysrgb&h=350,https://images.pexels.com/photos/35155650/pexels-photo-35155650.jpeg?auto=compress&cs=tinysrgb&h=130,https://images.pexels.com/photos/35155650/pexels-photo-35155650.jpeg?auto=compress&cs=tinysrgb&fit=crop&h=1200&w=800,https://images.pexels.com/photos/35155650/pexels-photo-35155650.jpeg?auto=compress&cs=tinysrgb&fit=crop&h=627&w=1200,https://images.pexels.com/photos/35155650/pexels-photo-35155650.jpeg?auto=compress&cs=tinysrgb&dpr=1&fit=crop&h=200&w=280,FALSE,"Adorable meerkats peeking over logs in a lush, green setting.",Yea NAH nah yea nah,2,MEERKATS
7722785,4000,6000,https://www.pexels.com/photo/meerkats-beside-a-tree-7722785/,Mikhail Nilov,https://www.pexels.com/@mikhail-nilov,11437196,#4C4D3A,https://images.pexels.com/photos/7722785/pexels-photo-7722785.jpeg,https://images.pexels.com/photos/7722785/pexels-photo-7722785.jpeg?auto=compress&cs=tinysrgb&dpr=2&h=650&w=940,https://images.pexels.com/photos/7722785/pexels-photo-7722785.jpeg?auto=compress&cs=tinysrgb&h=650&w=940,https://images.pexels.com/photos/7722785/pexels-photo-7722785.jpeg?auto=compress&cs=tinysrgb&h=350,https://images.pexels.com/photos/7722785/pexels-photo-7722785.jpeg?auto=compress&cs=tinysrgb&h=130,https://images.pexels.com/photos/7722785/pexels-photo-7722785.jpeg?auto=compress&cs=tinysrgb&fit=crop&h=1200&w=800,https://images.pexels.com/photos/7722785/pexels-photo-7722785.jpeg?auto=compress&cs=tinysrgb&fit=crop&h=627&w=1200,https://images.pexels.com/photos/7722785/pexels-photo-7722785.jpeg?auto=compress&cs=tinysrgb&dpr=1&fit=crop&h=200&w=280,FALSE,"Two meerkats exploring their rocky terrain, surrounded by greenery in the wild.",Yea NAH nah yea nah,2,MEERKATS
6796608,2333,3500,https://www.pexels.com/photo/meerkats-on-the-sand-6796608/,Anna Tarazevich,https://www.pexels.com/@anntarazevich,2871253,#6A6F5D,https://images.pexels.com/photos/6796608/pexels-photo-6796608.jpeg,https://images.pexels.com/photos/6796608/pexels-photo-6796608.jpeg?auto=compress&cs=tinysrgb&dpr=2&h=650&w=940,https://images.pexels.com/photos/6796608/pexels-photo-6796608.jpeg?auto=compress&cs=tinysrgb&h=650&w=940,https://images.pexels.com/photos/6796608/pexels-photo-6796608.jpeg?auto=compress&cs=tinysrgb&h=350,https://images.pexels.com/photos/6796608/pexels-photo-6796608.jpeg?auto=compress&cs=tinysrgb&h=130,https://images.pexels.com/photos/6796608/pexels-photo-6796608.jpeg?auto=compress&cs=tinysrgb&fit=crop&h=1200&w=800,https://images.pexels.com/photos/6796608/pexels-photo-6796608.jpeg?auto=compress&cs=tinysrgb&fit=crop&h=627&w=1200,https://images.pexels.com/photos/6796608/pexels-photo-6796608.jpeg?auto=compress&cs=tinysrgb&dpr=1&fit=crop&h=200&w=280,FALSE,"Group of meerkats in a sandy, natural setting exhibiting typical behavior.",nah YEA,2,MEERKATS
